{
  "test_micro_f1": 0.6251753602856779,
  "test_macro_f1": 0.546362397032493,
  "test_macro_auc": 0.7836378763491479,
  "F1_Unsure": 0.17857142857142858,
  "Precision_Unsure": 0.15151515151515152,
  "Recall_Unsure": 0.21739130434782608,
  "Support_Unsure": 23,
  "F1_PoorAudioQuality": 0.41825095057034223,
  "Precision_PoorAudioQuality": 0.34375,
  "Recall_PoorAudioQuality": 0.5339805825242718,
  "Support_PoorAudioQuality": 103,
  "F1_Prolongation": 0.5525,
  "Precision_Prolongation": 0.4594594594594595,
  "Recall_Prolongation": 0.6927899686520376,
  "Support_Prolongation": 319,
  "F1_Block": 0.6294642857142857,
  "Precision_Block": 0.4752808988764045,
  "Recall_Block": 0.9317180616740088,
  "Support_Block": 454,
  "F1_SoundRep": 0.5528455284552846,
  "Precision_SoundRep": 0.5037037037037037,
  "Recall_SoundRep": 0.6126126126126126,
  "Support_SoundRep": 222,
  "F1_WordRep": 0.4191343963553531,
  "Precision_WordRep": 0.34328358208955223,
  "Recall_WordRep": 0.5380116959064327,
  "Support_WordRep": 171,
  "F1_DifficultToUnderstand": 0.45322245322245325,
  "Precision_DifficultToUnderstand": 0.36454849498327757,
  "Recall_DifficultToUnderstand": 0.5989010989010989,
  "Support_DifficultToUnderstand": 182,
  "F1_Interjection": 0.6031746031746031,
  "Precision_Interjection": 0.5144404332129964,
  "Recall_Interjection": 0.7289002557544757,
  "Support_Interjection": 391,
  "F1_NoStutteredWords": 0.871131119864941,
  "Precision_NoStutteredWords": 0.78419452887538,
  "Recall_NoStutteredWords": 0.979746835443038,
  "Support_NoStutteredWords": 790,
  "F1_NaturalPause": 0.5580985915492958,
  "Precision_NaturalPause": 0.41115434500648507,
  "Recall_NaturalPause": 0.8684931506849315,
  "Support_NaturalPause": 365,
  "F1_Music": 0.7692307692307693,
  "Precision_Music": 0.75,
  "Recall_Music": 0.7894736842105263,
  "Support_Music": 19,
  "F1_NoSpeech": 0.5507246376811594,
  "Precision_NoSpeech": 0.6785714285714286,
  "Recall_NoSpeech": 0.4634146341463415,
  "Support_NoSpeech": 41
}